{
  "2025-1-30": 0,
  "2025-1-31": 0,
  "2025-2-1": 8009.2,
  "2025-2-5": 0,
  "2025-2-13": 0,
  "2025-2-15": 25070.6,
  "2025-2-17": 25020.9,
  "2025-2-19": 17897.2,
  "2025-2-20": 0,
  "2025-2-21": 0,
  "2025-3-3": 13254.4,
  "2025-3-4": 0,
  "2025-3-7": 0,
  "2025-3-10": 0,
  "2025-3-12": 2269.5,
  "2025-3-14": 0,
  "2025-3-15": 7011.4,
  "2025-3-17": 6004.8,
  "2025-3-18": 13478.8,
  "2025-3-19": 9379.5,
  "2025-3-21": 7354.1,
  "2025-3-23": 1169.5,
  "2025-3-24": 11086.3,
  "2025-3-25": 23798.2,
  "2025-3-26": 6672.1,
  "2025-4-1": 18009.7,
  "2025-4-3": 7025.6,
  "2025-4-8": 17130.9,
  "2025-4-12": 3622.9,
  "2025-4-13": 16707.4,
  "2025-4-18": 9550.4,
  "2025-4-19": 4700,
  "2025-4-20": 23356.3,
  "2025-4-22": 9599.5,
  "2025-4-23": 9010.2,
  "2025-4-24": 10019.3,
  "2025-4-26": 21001.1,
  "2025-4-27": 2650,
  "2025-4-28": 1950,
  "2025-4-29": 7152.1,
  "2025-4-30": 11624.1,
  "2025-5-2": 2600,
  "2025-5-4": 53133.3,
  "2025-5-5": 1700,
  "2025-5-6": 10094.4,
  "2025-5-8": 6898.8,
  "2025-5-9": 6650,
  "2025-5-10": 21684.5,
  "2025-5-13": 2189.3,
  "2025-5-15": 6626.6,
  "2025-5-19": 12924,
  "2025-5-20": 3250,
  "2025-5-21": 5000,
  "2025-5-22": 8013.1,
  "2025-5-26": 1300,
  "2025-6-3": 7867.8,
  "2025-6-4": 2950,
  "2025-6-6": 1687.7,
  "2025-6-7": 11125.7,
  "2025-6-8": 14810.600000000002,
  "2025-6-9": 7280.899999999999,
  "2025-6-10": 5493.1,
  "2025-6-11": 2893.5,
  "2025-6-13": 7604.500000000001,
  "2025-6-14": 13450.7,
  "2025-6-18": 15655.9,
  "2025-6-22": 6340.1,
  "2025-6-23": 8360.7,
  "2025-6-24": 6532,
  "2025-6-25": 5004,
  "2025-6-28": 10018.9,
  "2025-6-29": 15000,
  "2025-7-5": 15136.8,
  "2025-7-10": 11782.9,
  "2025-7-12": 40000,
  "2025-7-14": 29000,
  "2025-7-16": 14760.1,
  "2025-7-17": 22356.9,
  "2025-7-18": 19038.1,
  "2025-7-21": 30398.2,
  "2025-7-22": 42319.1,
  "2025-7-24": 2423.6,
  "2025-7-25": 4335.5,
  "2025-7-26": 8005.5,
  "2025-7-28": 40909.7,
  "2025-7-30": 21270.9,
  "2025-8-2": 33981.3,
  "2025-8-6": 26000,
  "2025-8-7": 47000,
  "2025-8-8": 7846.9,
  "2025-8-9": 39697.2,
  "2025-8-10": 44264.8,
  "2025-8-23": 41103.8,
  "2025-8-24": 44289.3,
  "2025-9-1": 32096.7,
  "2025-9-8": 26392.5,
  "2025-10-8": 911
}